/home/vigneshu/vignesh/udacity/CarND-Behavioral-Cloning-P3/custom_data/IMG/center_2017_09_12_12_08_30_221.jpg,/home/vigneshu/vignesh/udacity/CarND-Behavioral-Cloning-P3/custom_data/IMG/left_2017_09_12_12_08_30_221.jpg,/home/vigneshu/vignesh/udacity/CarND-Behavioral-Cloning-P3/custom_data/IMG/right_2017_09_12_12_08_30_221.jpg,0,0,0,25.9901
/home/vigneshu/vignesh/udacity/CarND-Behavioral-Cloning-P3/custom_data/IMG/center_2017_09_12_12_08_30_289.jpg,/home/vigneshu/vignesh/udacity/CarND-Behavioral-Cloning-P3/custom_data/IMG/left_2017_09_12_12_08_30_289.jpg,/home/vigneshu/vignesh/udacity/CarND-Behavioral-Cloning-P3/custom_data/IMG/right_2017_09_12_12_08_30_289.jpg,0,0,0,25.78145
/home/vigneshu/vignesh/udacity/CarND-Behavioral-Cloning-P3/custom_data/IMG/center_2017_09_12_12_08_30_364.jpg,/home/vigneshu/vignesh/udacity/CarND-Behavioral-Cloning-P3/custom_data/IMG/left_2017_09_12_12_08_30_364.jpg,/home/vigneshu/vignesh/udacity/CarND-Behavioral-Cloning-P3/custom_data/IMG/right_2017_09_12_12_08_30_364.jpg,0,0,0,25.57447
/home/vigneshu/vignesh/udacity/CarND-Behavioral-Cloning-P3/custom_data/IMG/center_2017_09_12_12_08_30_443.jpg,/home/vigneshu/vignesh/udacity/CarND-Behavioral-Cloning-P3/custom_data/IMG/left_2017_09_12_12_08_30_443.jpg,/home/vigneshu/vignesh/udacity/CarND-Behavioral-Cloning-P3/custom_data/IMG/right_2017_09_12_12_08_30_443.jpg,0,0,0,25.36917
/home/vigneshu/vignesh/udacity/CarND-Behavioral-Cloning-P3/custom_data/IMG/center_2017_09_12_12_08_30_516.jpg,/home/vigneshu/vignesh/udacity/CarND-Behavioral-Cloning-P3/custom_data/IMG/left_2017_09_12_12_08_30_516.jpg,/home/vigneshu/vignesh/udacity/CarND-Behavioral-Cloning-P3/custom_data/IMG/right_2017_09_12_12_08_30_516.jpg,0,0,0,25.21628
/home/vigneshu/vignesh/udacity/CarND-Behavioral-Cloning-P3/custom_data/IMG/center_2017_09_12_12_08_30_586.jpg,/home/vigneshu/vignesh/udacity/CarND-Behavioral-Cloning-P3/custom_data/IMG/left_2017_09_12_12_08_30_586.jpg,/home/vigneshu/vignesh/udacity/CarND-Behavioral-Cloning-P3/custom_data/IMG/right_2017_09_12_12_08_30_586.jpg,0,0,0,25.01386
/home/vigneshu/vignesh/udacity/CarND-Behavioral-Cloning-P3/custom_data/IMG/center_2017_09_12_12_08_30_688.jpg,/home/vigneshu/vignesh/udacity/CarND-Behavioral-Cloning-P3/custom_data/IMG/left_2017_09_12_12_08_30_688.jpg,/home/vigneshu/vignesh/udacity/CarND-Behavioral-Cloning-P3/custom_data/IMG/right_2017_09_12_12_08_30_688.jpg,0,0,0,24.76271
/home/vigneshu/vignesh/udacity/CarND-Behavioral-Cloning-P3/custom_data/IMG/center_2017_09_12_12_08_30_755.jpg,/home/vigneshu/vignesh/udacity/CarND-Behavioral-Cloning-P3/custom_data/IMG/left_2017_09_12_12_08_30_755.jpg,/home/vigneshu/vignesh/udacity/CarND-Behavioral-Cloning-P3/custom_data/IMG/right_2017_09_12_12_08_30_755.jpg,0,0,0,24.61319
/home/vigneshu/vignesh/udacity/CarND-Behavioral-Cloning-P3/custom_data/IMG/center_2017_09_12_12_08_30_849.jpg,/home/vigneshu/vignesh/udacity/CarND-Behavioral-Cloning-P3/custom_data/IMG/left_2017_09_12_12_08_30_849.jpg,/home/vigneshu/vignesh/udacity/CarND-Behavioral-Cloning-P3/custom_data/IMG/right_2017_09_12_12_08_30_849.jpg,0,0,0,24.36602
/home/vigneshu/vignesh/udacity/CarND-Behavioral-Cloning-P3/custom_data/IMG/center_2017_09_12_12_08_30_949.jpg,/home/vigneshu/vignesh/udacity/CarND-Behavioral-Cloning-P3/custom_data/IMG/left_2017_09_12_12_08_30_949.jpg,/home/vigneshu/vignesh/udacity/CarND-Behavioral-Cloning-P3/custom_data/IMG/right_2017_09_12_12_08_30_949.jpg,0,0,0,24.12105
/home/vigneshu/vignesh/udacity/CarND-Behavioral-Cloning-P3/custom_data/IMG/center_2017_09_12_12_08_31_045.jpg,/home/vigneshu/vignesh/udacity/CarND-Behavioral-Cloning-P3/custom_data/IMG/left_2017_09_12_12_08_31_045.jpg,/home/vigneshu/vignesh/udacity/CarND-Behavioral-Cloning-P3/custom_data/IMG/right_2017_09_12_12_08_31_045.jpg,0,0,0,23.87847
/home/vigneshu/vignesh/udacity/CarND-Behavioral-Cloning-P3/custom_data/IMG/center_2017_09_12_12_08_31_114.jpg,/home/vigneshu/vignesh/udacity/CarND-Behavioral-Cloning-P3/custom_data/IMG/left_2017_09_12_12_08_31_114.jpg,/home/vigneshu/vignesh/udacity/CarND-Behavioral-Cloning-P3/custom_data/IMG/right_2017_09_12_12_08_31_114.jpg,0,0.156033,0,23.79778
/home/vigneshu/vignesh/udacity/CarND-Behavioral-Cloning-P3/custom_data/IMG/center_2017_09_12_12_08_31_197.jpg,/home/vigneshu/vignesh/udacity/CarND-Behavioral-Cloning-P3/custom_data/IMG/left_2017_09_12_12_08_31_197.jpg,/home/vigneshu/vignesh/udacity/CarND-Behavioral-Cloning-P3/custom_data/IMG/right_2017_09_12_12_08_31_197.jpg,0,0.4044628,0,23.85143
/home/vigneshu/vignesh/udacity/CarND-Behavioral-Cloning-P3/custom_data/IMG/center_2017_09_12_12_08_31_314.jpg,/home/vigneshu/vignesh/udacity/CarND-Behavioral-Cloning-P3/custom_data/IMG/left_2017_09_12_12_08_31_314.jpg,/home/vigneshu/vignesh/udacity/CarND-Behavioral-Cloning-P3/custom_data/IMG/right_2017_09_12_12_08_31_314.jpg,0,0.7549617,0,24.41903
/home/vigneshu/vignesh/udacity/CarND-Behavioral-Cloning-P3/custom_data/IMG/center_2017_09_12_12_08_31_394.jpg,/home/vigneshu/vignesh/udacity/CarND-Behavioral-Cloning-P3/custom_data/IMG/left_2017_09_12_12_08_31_394.jpg,/home/vigneshu/vignesh/udacity/CarND-Behavioral-Cloning-P3/custom_data/IMG/right_2017_09_12_12_08_31_394.jpg,0,0.9947069,0,25.07849
/home/vigneshu/vignesh/udacity/CarND-Behavioral-Cloning-P3/custom_data/IMG/center_2017_09_12_12_08_31_476.jpg,/home/vigneshu/vignesh/udacity/CarND-Behavioral-Cloning-P3/custom_data/IMG/left_2017_09_12_12_08_31_476.jpg,/home/vigneshu/vignesh/udacity/CarND-Behavioral-Cloning-P3/custom_data/IMG/right_2017_09_12_12_08_31_476.jpg,0,1,0,25.84245
/home/vigneshu/vignesh/udacity/CarND-Behavioral-Cloning-P3/custom_data/IMG/center_2017_09_12_12_08_31_544.jpg,/home/vigneshu/vignesh/udacity/CarND-Behavioral-Cloning-P3/custom_data/IMG/left_2017_09_12_12_08_31_544.jpg,/home/vigneshu/vignesh/udacity/CarND-Behavioral-Cloning-P3/custom_data/IMG/right_2017_09_12_12_08_31_544.jpg,-0.2,0.9510307,0,26.58412
/home/vigneshu/vignesh/udacity/CarND-Behavioral-Cloning-P3/custom_data/IMG/center_2017_09_12_12_08_31_623.jpg,/home/vigneshu/vignesh/udacity/CarND-Behavioral-Cloning-P3/custom_data/IMG/left_2017_09_12_12_08_31_623.jpg,/home/vigneshu/vignesh/udacity/CarND-Behavioral-Cloning-P3/custom_data/IMG/right_2017_09_12_12_08_31_623.jpg,-0.4,0.7136559,0,27.07042
/home/vigneshu/vignesh/udacity/CarND-Behavioral-Cloning-P3/custom_data/IMG/center_2017_09_12_12_08_31_692.jpg,/home/vigneshu/vignesh/udacity/CarND-Behavioral-Cloning-P3/custom_data/IMG/left_2017_09_12_12_08_31_692.jpg,/home/vigneshu/vignesh/udacity/CarND-Behavioral-Cloning-P3/custom_data/IMG/right_2017_09_12_12_08_31_692.jpg,-0.2335617,0.5066466,0,27.32438
/home/vigneshu/vignesh/udacity/CarND-Behavioral-Cloning-P3/custom_data/IMG/center_2017_09_12_12_08_31_792.jpg,/home/vigneshu/vignesh/udacity/CarND-Behavioral-Cloning-P3/custom_data/IMG/left_2017_09_12_12_08_31_792.jpg,/home/vigneshu/vignesh/udacity/CarND-Behavioral-Cloning-P3/custom_data/IMG/right_2017_09_12_12_08_31_792.jpg,0,0.5774834,0,27.61513
/home/vigneshu/vignesh/udacity/CarND-Behavioral-Cloning-P3/custom_data/IMG/center_2017_09_12_12_08_31_866.jpg,/home/vigneshu/vignesh/udacity/CarND-Behavioral-Cloning-P3/custom_data/IMG/left_2017_09_12_12_08_31_866.jpg,/home/vigneshu/vignesh/udacity/CarND-Behavioral-Cloning-P3/custom_data/IMG/right_2017_09_12_12_08_31_866.jpg,0,0.7999873,0,28.08836
/home/vigneshu/vignesh/udacity/CarND-Behavioral-Cloning-P3/custom_data/IMG/center_2017_09_12_12_08_31_963.jpg,/home/vigneshu/vignesh/udacity/CarND-Behavioral-Cloning-P3/custom_data/IMG/left_2017_09_12_12_08_31_963.jpg,/home/vigneshu/vignesh/udacity/CarND-Behavioral-Cloning-P3/custom_data/IMG/right_2017_09_12_12_08_31_963.jpg,0,1,0,28.93609
/home/vigneshu/vignesh/udacity/CarND-Behavioral-Cloning-P3/custom_data/IMG/center_2017_09_12_12_08_32_035.jpg,/home/vigneshu/vignesh/udacity/CarND-Behavioral-Cloning-P3/custom_data/IMG/left_2017_09_12_12_08_32_035.jpg,/home/vigneshu/vignesh/udacity/CarND-Behavioral-Cloning-P3/custom_data/IMG/right_2017_09_12_12_08_32_035.jpg,0,1,0,29.48695
/home/vigneshu/vignesh/udacity/CarND-Behavioral-Cloning-P3/custom_data/IMG/center_2017_09_12_12_08_32_123.jpg,/home/vigneshu/vignesh/udacity/CarND-Behavioral-Cloning-P3/custom_data/IMG/left_2017_09_12_12_08_32_123.jpg,/home/vigneshu/vignesh/udacity/CarND-Behavioral-Cloning-P3/custom_data/IMG/right_2017_09_12_12_08_32_123.jpg,0,1,0,30.19203
/home/vigneshu/vignesh/udacity/CarND-Behavioral-Cloning-P3/custom_data/IMG/center_2017_09_12_12_08_32_209.jpg,/home/vigneshu/vignesh/udacity/CarND-Behavioral-Cloning-P3/custom_data/IMG/left_2017_09_12_12_08_32_209.jpg,/home/vigneshu/vignesh/udacity/CarND-Behavioral-Cloning-P3/custom_data/IMG/right_2017_09_12_12_08_32_209.jpg,0,1,0,30.18988
/home/vigneshu/vignesh/udacity/CarND-Behavioral-Cloning-P3/custom_data/IMG/center_2017_09_12_12_08_32_275.jpg,/home/vigneshu/vignesh/udacity/CarND-Behavioral-Cloning-P3/custom_data/IMG/left_2017_09_12_12_08_32_275.jpg,/home/vigneshu/vignesh/udacity/CarND-Behavioral-Cloning-P3/custom_data/IMG/right_2017_09_12_12_08_32_275.jpg,0,1,0,30.19006
/home/vigneshu/vignesh/udacity/CarND-Behavioral-Cloning-P3/custom_data/IMG/center_2017_09_12_12_08_32_343.jpg,/home/vigneshu/vignesh/udacity/CarND-Behavioral-Cloning-P3/custom_data/IMG/left_2017_09_12_12_08_32_343.jpg,/home/vigneshu/vignesh/udacity/CarND-Behavioral-Cloning-P3/custom_data/IMG/right_2017_09_12_12_08_32_343.jpg,0,1,0,30.19027
/home/vigneshu/vignesh/udacity/CarND-Behavioral-Cloning-P3/custom_data/IMG/center_2017_09_12_12_08_32_436.jpg,/home/vigneshu/vignesh/udacity/CarND-Behavioral-Cloning-P3/custom_data/IMG/left_2017_09_12_12_08_32_436.jpg,/home/vigneshu/vignesh/udacity/CarND-Behavioral-Cloning-P3/custom_data/IMG/right_2017_09_12_12_08_32_436.jpg,0,1,0,30.19068
/home/vigneshu/vignesh/udacity/CarND-Behavioral-Cloning-P3/custom_data/IMG/center_2017_09_12_12_08_32_538.jpg,/home/vigneshu/vignesh/udacity/CarND-Behavioral-Cloning-P3/custom_data/IMG/left_2017_09_12_12_08_32_538.jpg,/home/vigneshu/vignesh/udacity/CarND-Behavioral-Cloning-P3/custom_data/IMG/right_2017_09_12_12_08_32_538.jpg,0,0.7398729,0,30.15005
/home/vigneshu/vignesh/udacity/CarND-Behavioral-Cloning-P3/custom_data/IMG/center_2017_09_12_12_08_32_619.jpg,/home/vigneshu/vignesh/udacity/CarND-Behavioral-Cloning-P3/custom_data/IMG/left_2017_09_12_12_08_32_619.jpg,/home/vigneshu/vignesh/udacity/CarND-Behavioral-Cloning-P3/custom_data/IMG/right_2017_09_12_12_08_32_619.jpg,0,0.4957204,0,30.08817
/home/vigneshu/vignesh/udacity/CarND-Behavioral-Cloning-P3/custom_data/IMG/center_2017_09_12_12_08_32_699.jpg,/home/vigneshu/vignesh/udacity/CarND-Behavioral-Cloning-P3/custom_data/IMG/left_2017_09_12_12_08_32_699.jpg,/home/vigneshu/vignesh/udacity/CarND-Behavioral-Cloning-P3/custom_data/IMG/right_2017_09_12_12_08_32_699.jpg,0,0.6765428,0,30.086
/home/vigneshu/vignesh/udacity/CarND-Behavioral-Cloning-P3/custom_data/IMG/center_2017_09_12_12_08_32_797.jpg,/home/vigneshu/vignesh/udacity/CarND-Behavioral-Cloning-P3/custom_data/IMG/left_2017_09_12_12_08_32_797.jpg,/home/vigneshu/vignesh/udacity/CarND-Behavioral-Cloning-P3/custom_data/IMG/right_2017_09_12_12_08_32_797.jpg,0,0.970201,0,30.18871
/home/vigneshu/vignesh/udacity/CarND-Behavioral-Cloning-P3/custom_data/IMG/center_2017_09_12_12_08_32_877.jpg,/home/vigneshu/vignesh/udacity/CarND-Behavioral-Cloning-P3/custom_data/IMG/left_2017_09_12_12_08_32_877.jpg,/home/vigneshu/vignesh/udacity/CarND-Behavioral-Cloning-P3/custom_data/IMG/right_2017_09_12_12_08_32_877.jpg,0,1,0,30.19062
/home/vigneshu/vignesh/udacity/CarND-Behavioral-Cloning-P3/custom_data/IMG/center_2017_09_12_12_08_32_945.jpg,/home/vigneshu/vignesh/udacity/CarND-Behavioral-Cloning-P3/custom_data/IMG/left_2017_09_12_12_08_32_945.jpg,/home/vigneshu/vignesh/udacity/CarND-Behavioral-Cloning-P3/custom_data/IMG/right_2017_09_12_12_08_32_945.jpg,0,1,0,30.19031
/home/vigneshu/vignesh/udacity/CarND-Behavioral-Cloning-P3/custom_data/IMG/center_2017_09_12_12_08_33_013.jpg,/home/vigneshu/vignesh/udacity/CarND-Behavioral-Cloning-P3/custom_data/IMG/left_2017_09_12_12_08_33_013.jpg,/home/vigneshu/vignesh/udacity/CarND-Behavioral-Cloning-P3/custom_data/IMG/right_2017_09_12_12_08_33_013.jpg,0,1,0,30.19029
/home/vigneshu/vignesh/udacity/CarND-Behavioral-Cloning-P3/custom_data/IMG/center_2017_09_12_12_08_33_084.jpg,/home/vigneshu/vignesh/udacity/CarND-Behavioral-Cloning-P3/custom_data/IMG/left_2017_09_12_12_08_33_084.jpg,/home/vigneshu/vignesh/udacity/CarND-Behavioral-Cloning-P3/custom_data/IMG/right_2017_09_12_12_08_33_084.jpg,0,1,0,30.19029
/home/vigneshu/vignesh/udacity/CarND-Behavioral-Cloning-P3/custom_data/IMG/center_2017_09_12_12_08_33_159.jpg,/home/vigneshu/vignesh/udacity/CarND-Behavioral-Cloning-P3/custom_data/IMG/left_2017_09_12_12_08_33_159.jpg,/home/vigneshu/vignesh/udacity/CarND-Behavioral-Cloning-P3/custom_data/IMG/right_2017_09_12_12_08_33_159.jpg,0,1,0,30.19031
/home/vigneshu/vignesh/udacity/CarND-Behavioral-Cloning-P3/custom_data/IMG/center_2017_09_12_12_08_33_229.jpg,/home/vigneshu/vignesh/udacity/CarND-Behavioral-Cloning-P3/custom_data/IMG/left_2017_09_12_12_08_33_229.jpg,/home/vigneshu/vignesh/udacity/CarND-Behavioral-Cloning-P3/custom_data/IMG/right_2017_09_12_12_08_33_229.jpg,0,1,0,30.19031
/home/vigneshu/vignesh/udacity/CarND-Behavioral-Cloning-P3/custom_data/IMG/center_2017_09_12_12_08_33_312.jpg,/home/vigneshu/vignesh/udacity/CarND-Behavioral-Cloning-P3/custom_data/IMG/left_2017_09_12_12_08_33_312.jpg,/home/vigneshu/vignesh/udacity/CarND-Behavioral-Cloning-P3/custom_data/IMG/right_2017_09_12_12_08_33_312.jpg,0,1,0,30.19029
/home/vigneshu/vignesh/udacity/CarND-Behavioral-Cloning-P3/custom_data/IMG/center_2017_09_12_12_08_33_378.jpg,/home/vigneshu/vignesh/udacity/CarND-Behavioral-Cloning-P3/custom_data/IMG/left_2017_09_12_12_08_33_378.jpg,/home/vigneshu/vignesh/udacity/CarND-Behavioral-Cloning-P3/custom_data/IMG/right_2017_09_12_12_08_33_378.jpg,0,1,0,30.19031
/home/vigneshu/vignesh/udacity/CarND-Behavioral-Cloning-P3/custom_data/IMG/center_2017_09_12_12_08_33_466.jpg,/home/vigneshu/vignesh/udacity/CarND-Behavioral-Cloning-P3/custom_data/IMG/left_2017_09_12_12_08_33_466.jpg,/home/vigneshu/vignesh/udacity/CarND-Behavioral-Cloning-P3/custom_data/IMG/right_2017_09_12_12_08_33_466.jpg,0,1,0,30.19029
/home/vigneshu/vignesh/udacity/CarND-Behavioral-Cloning-P3/custom_data/IMG/center_2017_09_12_12_08_33_559.jpg,/home/vigneshu/vignesh/udacity/CarND-Behavioral-Cloning-P3/custom_data/IMG/left_2017_09_12_12_08_33_559.jpg,/home/vigneshu/vignesh/udacity/CarND-Behavioral-Cloning-P3/custom_data/IMG/right_2017_09_12_12_08_33_559.jpg,0,1,0,30.19028
/home/vigneshu/vignesh/udacity/CarND-Behavioral-Cloning-P3/custom_data/IMG/center_2017_09_12_12_08_33_629.jpg,/home/vigneshu/vignesh/udacity/CarND-Behavioral-Cloning-P3/custom_data/IMG/left_2017_09_12_12_08_33_629.jpg,/home/vigneshu/vignesh/udacity/CarND-Behavioral-Cloning-P3/custom_data/IMG/right_2017_09_12_12_08_33_629.jpg,0,1,0,30.1903
/home/vigneshu/vignesh/udacity/CarND-Behavioral-Cloning-P3/custom_data/IMG/center_2017_09_12_12_08_33_732.jpg,/home/vigneshu/vignesh/udacity/CarND-Behavioral-Cloning-P3/custom_data/IMG/left_2017_09_12_12_08_33_732.jpg,/home/vigneshu/vignesh/udacity/CarND-Behavioral-Cloning-P3/custom_data/IMG/right_2017_09_12_12_08_33_732.jpg,0,0.4,0,30.15106
/home/vigneshu/vignesh/udacity/CarND-Behavioral-Cloning-P3/custom_data/IMG/center_2017_09_12_12_08_33_810.jpg,/home/vigneshu/vignesh/udacity/CarND-Behavioral-Cloning-P3/custom_data/IMG/left_2017_09_12_12_08_33_810.jpg,/home/vigneshu/vignesh/udacity/CarND-Behavioral-Cloning-P3/custom_data/IMG/right_2017_09_12_12_08_33_810.jpg,0,0.4,0,30.04263
/home/vigneshu/vignesh/udacity/CarND-Behavioral-Cloning-P3/custom_data/IMG/center_2017_09_12_12_08_33_882.jpg,/home/vigneshu/vignesh/udacity/CarND-Behavioral-Cloning-P3/custom_data/IMG/left_2017_09_12_12_08_33_882.jpg,/home/vigneshu/vignesh/udacity/CarND-Behavioral-Cloning-P3/custom_data/IMG/right_2017_09_12_12_08_33_882.jpg,0,0.4,0,30.03865
/home/vigneshu/vignesh/udacity/CarND-Behavioral-Cloning-P3/custom_data/IMG/center_2017_09_12_12_08_33_963.jpg,/home/vigneshu/vignesh/udacity/CarND-Behavioral-Cloning-P3/custom_data/IMG/left_2017_09_12_12_08_33_963.jpg,/home/vigneshu/vignesh/udacity/CarND-Behavioral-Cloning-P3/custom_data/IMG/right_2017_09_12_12_08_33_963.jpg,0,0.4,0,30.0384
/home/vigneshu/vignesh/udacity/CarND-Behavioral-Cloning-P3/custom_data/IMG/center_2017_09_12_12_08_34_039.jpg,/home/vigneshu/vignesh/udacity/CarND-Behavioral-Cloning-P3/custom_data/IMG/left_2017_09_12_12_08_34_039.jpg,/home/vigneshu/vignesh/udacity/CarND-Behavioral-Cloning-P3/custom_data/IMG/right_2017_09_12_12_08_34_039.jpg,0,0.4,0,30.03837
/home/vigneshu/vignesh/udacity/CarND-Behavioral-Cloning-P3/custom_data/IMG/center_2017_09_12_12_08_34_107.jpg,/home/vigneshu/vignesh/udacity/CarND-Behavioral-Cloning-P3/custom_data/IMG/left_2017_09_12_12_08_34_107.jpg,/home/vigneshu/vignesh/udacity/CarND-Behavioral-Cloning-P3/custom_data/IMG/right_2017_09_12_12_08_34_107.jpg,0,0.4,0,30.03837
/home/vigneshu/vignesh/udacity/CarND-Behavioral-Cloning-P3/custom_data/IMG/center_2017_09_12_12_08_34_179.jpg,/home/vigneshu/vignesh/udacity/CarND-Behavioral-Cloning-P3/custom_data/IMG/left_2017_09_12_12_08_34_179.jpg,/home/vigneshu/vignesh/udacity/CarND-Behavioral-Cloning-P3/custom_data/IMG/right_2017_09_12_12_08_34_179.jpg,0,0.4,0,30.03839
/home/vigneshu/vignesh/udacity/CarND-Behavioral-Cloning-P3/custom_data/IMG/center_2017_09_12_12_08_34_296.jpg,/home/vigneshu/vignesh/udacity/CarND-Behavioral-Cloning-P3/custom_data/IMG/left_2017_09_12_12_08_34_296.jpg,/home/vigneshu/vignesh/udacity/CarND-Behavioral-Cloning-P3/custom_data/IMG/right_2017_09_12_12_08_34_296.jpg,0,0.4,0,30.03837
/home/vigneshu/vignesh/udacity/CarND-Behavioral-Cloning-P3/custom_data/IMG/center_2017_09_12_12_08_34_378.jpg,/home/vigneshu/vignesh/udacity/CarND-Behavioral-Cloning-P3/custom_data/IMG/left_2017_09_12_12_08_34_378.jpg,/home/vigneshu/vignesh/udacity/CarND-Behavioral-Cloning-P3/custom_data/IMG/right_2017_09_12_12_08_34_378.jpg,0,0.4,0,30.03838
/home/vigneshu/vignesh/udacity/CarND-Behavioral-Cloning-P3/custom_data/IMG/center_2017_09_12_12_08_34_450.jpg,/home/vigneshu/vignesh/udacity/CarND-Behavioral-Cloning-P3/custom_data/IMG/left_2017_09_12_12_08_34_450.jpg,/home/vigneshu/vignesh/udacity/CarND-Behavioral-Cloning-P3/custom_data/IMG/right_2017_09_12_12_08_34_450.jpg,0,0.4,0,30.03838
/home/vigneshu/vignesh/udacity/CarND-Behavioral-Cloning-P3/custom_data/IMG/center_2017_09_12_12_08_34_529.jpg,/home/vigneshu/vignesh/udacity/CarND-Behavioral-Cloning-P3/custom_data/IMG/left_2017_09_12_12_08_34_529.jpg,/home/vigneshu/vignesh/udacity/CarND-Behavioral-Cloning-P3/custom_data/IMG/right_2017_09_12_12_08_34_529.jpg,0,0.4,0,30.03837
/home/vigneshu/vignesh/udacity/CarND-Behavioral-Cloning-P3/custom_data/IMG/center_2017_09_12_12_08_34_635.jpg,/home/vigneshu/vignesh/udacity/CarND-Behavioral-Cloning-P3/custom_data/IMG/left_2017_09_12_12_08_34_635.jpg,/home/vigneshu/vignesh/udacity/CarND-Behavioral-Cloning-P3/custom_data/IMG/right_2017_09_12_12_08_34_635.jpg,0,0.4,0,30.03838
/home/vigneshu/vignesh/udacity/CarND-Behavioral-Cloning-P3/custom_data/IMG/center_2017_09_12_12_08_34_718.jpg,/home/vigneshu/vignesh/udacity/CarND-Behavioral-Cloning-P3/custom_data/IMG/left_2017_09_12_12_08_34_718.jpg,/home/vigneshu/vignesh/udacity/CarND-Behavioral-Cloning-P3/custom_data/IMG/right_2017_09_12_12_08_34_718.jpg,0,0.4,0,30.03837
/home/vigneshu/vignesh/udacity/CarND-Behavioral-Cloning-P3/custom_data/IMG/center_2017_09_12_12_08_34_794.jpg,/home/vigneshu/vignesh/udacity/CarND-Behavioral-Cloning-P3/custom_data/IMG/left_2017_09_12_12_08_34_794.jpg,/home/vigneshu/vignesh/udacity/CarND-Behavioral-Cloning-P3/custom_data/IMG/right_2017_09_12_12_08_34_794.jpg,0,0.4,0,30.03837
/home/vigneshu/vignesh/udacity/CarND-Behavioral-Cloning-P3/custom_data/IMG/center_2017_09_12_12_08_34_867.jpg,/home/vigneshu/vignesh/udacity/CarND-Behavioral-Cloning-P3/custom_data/IMG/left_2017_09_12_12_08_34_867.jpg,/home/vigneshu/vignesh/udacity/CarND-Behavioral-Cloning-P3/custom_data/IMG/right_2017_09_12_12_08_34_867.jpg,0,0.4,0,30.03837
/home/vigneshu/vignesh/udacity/CarND-Behavioral-Cloning-P3/custom_data/IMG/center_2017_09_12_12_08_34_937.jpg,/home/vigneshu/vignesh/udacity/CarND-Behavioral-Cloning-P3/custom_data/IMG/left_2017_09_12_12_08_34_937.jpg,/home/vigneshu/vignesh/udacity/CarND-Behavioral-Cloning-P3/custom_data/IMG/right_2017_09_12_12_08_34_937.jpg,0,0.4,0,30.03838
/home/vigneshu/vignesh/udacity/CarND-Behavioral-Cloning-P3/custom_data/IMG/center_2017_09_12_12_10_28_958.jpg,/home/vigneshu/vignesh/udacity/CarND-Behavioral-Cloning-P3/custom_data/IMG/left_2017_09_12_12_10_28_958.jpg,/home/vigneshu/vignesh/udacity/CarND-Behavioral-Cloning-P3/custom_data/IMG/right_2017_09_12_12_10_28_958.jpg,0,0,0,6.372103E-06
/home/vigneshu/vignesh/udacity/CarND-Behavioral-Cloning-P3/custom_data/IMG/center_2017_09_12_12_10_29_039.jpg,/home/vigneshu/vignesh/udacity/CarND-Behavioral-Cloning-P3/custom_data/IMG/left_2017_09_12_12_10_29_039.jpg,/home/vigneshu/vignesh/udacity/CarND-Behavioral-Cloning-P3/custom_data/IMG/right_2017_09_12_12_10_29_039.jpg,0,0,0,3.106613E-06
/home/vigneshu/vignesh/udacity/CarND-Behavioral-Cloning-P3/custom_data/IMG/center_2017_09_12_12_10_29_106.jpg,/home/vigneshu/vignesh/udacity/CarND-Behavioral-Cloning-P3/custom_data/IMG/left_2017_09_12_12_10_29_106.jpg,/home/vigneshu/vignesh/udacity/CarND-Behavioral-Cloning-P3/custom_data/IMG/right_2017_09_12_12_10_29_106.jpg,0,0,0,2.098509E-06
/home/vigneshu/vignesh/udacity/CarND-Behavioral-Cloning-P3/custom_data/IMG/center_2017_09_12_12_10_29_189.jpg,/home/vigneshu/vignesh/udacity/CarND-Behavioral-Cloning-P3/custom_data/IMG/left_2017_09_12_12_10_29_189.jpg,/home/vigneshu/vignesh/udacity/CarND-Behavioral-Cloning-P3/custom_data/IMG/right_2017_09_12_12_10_29_189.jpg,0,0,0,1.496712E-06
/home/vigneshu/vignesh/udacity/CarND-Behavioral-Cloning-P3/custom_data/IMG/center_2017_09_12_12_10_29_296.jpg,/home/vigneshu/vignesh/udacity/CarND-Behavioral-Cloning-P3/custom_data/IMG/left_2017_09_12_12_10_29_296.jpg,/home/vigneshu/vignesh/udacity/CarND-Behavioral-Cloning-P3/custom_data/IMG/right_2017_09_12_12_10_29_296.jpg,0,0,0,3.44279E-06
/home/vigneshu/vignesh/udacity/CarND-Behavioral-Cloning-P3/custom_data/IMG/center_2017_09_12_12_10_29_365.jpg,/home/vigneshu/vignesh/udacity/CarND-Behavioral-Cloning-P3/custom_data/IMG/left_2017_09_12_12_10_29_365.jpg,/home/vigneshu/vignesh/udacity/CarND-Behavioral-Cloning-P3/custom_data/IMG/right_2017_09_12_12_10_29_365.jpg,0,0,0,7.033586E-06
/home/vigneshu/vignesh/udacity/CarND-Behavioral-Cloning-P3/custom_data/IMG/center_2017_09_12_12_10_29_446.jpg,/home/vigneshu/vignesh/udacity/CarND-Behavioral-Cloning-P3/custom_data/IMG/left_2017_09_12_12_10_29_446.jpg,/home/vigneshu/vignesh/udacity/CarND-Behavioral-Cloning-P3/custom_data/IMG/right_2017_09_12_12_10_29_446.jpg,0,0,0,3.13968E-06
/home/vigneshu/vignesh/udacity/CarND-Behavioral-Cloning-P3/custom_data/IMG/center_2017_09_12_12_10_29_532.jpg,/home/vigneshu/vignesh/udacity/CarND-Behavioral-Cloning-P3/custom_data/IMG/left_2017_09_12_12_10_29_532.jpg,/home/vigneshu/vignesh/udacity/CarND-Behavioral-Cloning-P3/custom_data/IMG/right_2017_09_12_12_10_29_532.jpg,0,0,0,1.791931E-06
/home/vigneshu/vignesh/udacity/CarND-Behavioral-Cloning-P3/custom_data/IMG/center_2017_09_12_12_10_29_606.jpg,/home/vigneshu/vignesh/udacity/CarND-Behavioral-Cloning-P3/custom_data/IMG/left_2017_09_12_12_10_29_606.jpg,/home/vigneshu/vignesh/udacity/CarND-Behavioral-Cloning-P3/custom_data/IMG/right_2017_09_12_12_10_29_606.jpg,0,0,0,4.570729E-06
/home/vigneshu/vignesh/udacity/CarND-Behavioral-Cloning-P3/custom_data/IMG/center_2017_09_12_12_10_29_714.jpg,/home/vigneshu/vignesh/udacity/CarND-Behavioral-Cloning-P3/custom_data/IMG/left_2017_09_12_12_10_29_714.jpg,/home/vigneshu/vignesh/udacity/CarND-Behavioral-Cloning-P3/custom_data/IMG/right_2017_09_12_12_10_29_714.jpg,0,0.238605,0,0.1352483
/home/vigneshu/vignesh/udacity/CarND-Behavioral-Cloning-P3/custom_data/IMG/center_2017_09_12_12_10_29_781.jpg,/home/vigneshu/vignesh/udacity/CarND-Behavioral-Cloning-P3/custom_data/IMG/left_2017_09_12_12_10_29_781.jpg,/home/vigneshu/vignesh/udacity/CarND-Behavioral-Cloning-P3/custom_data/IMG/right_2017_09_12_12_10_29_781.jpg,0,0.5099337,0,0.6029471
/home/vigneshu/vignesh/udacity/CarND-Behavioral-Cloning-P3/custom_data/IMG/center_2017_09_12_12_10_29_873.jpg,/home/vigneshu/vignesh/udacity/CarND-Behavioral-Cloning-P3/custom_data/IMG/left_2017_09_12_12_10_29_873.jpg,/home/vigneshu/vignesh/udacity/CarND-Behavioral-Cloning-P3/custom_data/IMG/right_2017_09_12_12_10_29_873.jpg,0,0.735873,0,1.226099
/home/vigneshu/vignesh/udacity/CarND-Behavioral-Cloning-P3/custom_data/IMG/center_2017_09_12_12_10_29_972.jpg,/home/vigneshu/vignesh/udacity/CarND-Behavioral-Cloning-P3/custom_data/IMG/left_2017_09_12_12_10_29_972.jpg,/home/vigneshu/vignesh/udacity/CarND-Behavioral-Cloning-P3/custom_data/IMG/right_2017_09_12_12_10_29_972.jpg,0,1,0,2.301127
/home/vigneshu/vignesh/udacity/CarND-Behavioral-Cloning-P3/custom_data/IMG/center_2017_09_12_12_10_30_037.jpg,/home/vigneshu/vignesh/udacity/CarND-Behavioral-Cloning-P3/custom_data/IMG/left_2017_09_12_12_10_30_037.jpg,/home/vigneshu/vignesh/udacity/CarND-Behavioral-Cloning-P3/custom_data/IMG/right_2017_09_12_12_10_30_037.jpg,0,1,0,3.231713
/home/vigneshu/vignesh/udacity/CarND-Behavioral-Cloning-P3/custom_data/IMG/center_2017_09_12_12_10_30_110.jpg,/home/vigneshu/vignesh/udacity/CarND-Behavioral-Cloning-P3/custom_data/IMG/left_2017_09_12_12_10_30_110.jpg,/home/vigneshu/vignesh/udacity/CarND-Behavioral-Cloning-P3/custom_data/IMG/right_2017_09_12_12_10_30_110.jpg,0,1,0,3.93631
/home/vigneshu/vignesh/udacity/CarND-Behavioral-Cloning-P3/custom_data/IMG/center_2017_09_12_12_10_30_200.jpg,/home/vigneshu/vignesh/udacity/CarND-Behavioral-Cloning-P3/custom_data/IMG/left_2017_09_12_12_10_30_200.jpg,/home/vigneshu/vignesh/udacity/CarND-Behavioral-Cloning-P3/custom_data/IMG/right_2017_09_12_12_10_30_200.jpg,0,1,0,5.103143
/home/vigneshu/vignesh/udacity/CarND-Behavioral-Cloning-P3/custom_data/IMG/center_2017_09_12_12_10_30_269.jpg,/home/vigneshu/vignesh/udacity/CarND-Behavioral-Cloning-P3/custom_data/IMG/left_2017_09_12_12_10_30_269.jpg,/home/vigneshu/vignesh/udacity/CarND-Behavioral-Cloning-P3/custom_data/IMG/right_2017_09_12_12_10_30_269.jpg,0,1,0,5.797515
/home/vigneshu/vignesh/udacity/CarND-Behavioral-Cloning-P3/custom_data/IMG/center_2017_09_12_12_10_30_339.jpg,/home/vigneshu/vignesh/udacity/CarND-Behavioral-Cloning-P3/custom_data/IMG/left_2017_09_12_12_10_30_339.jpg,/home/vigneshu/vignesh/udacity/CarND-Behavioral-Cloning-P3/custom_data/IMG/right_2017_09_12_12_10_30_339.jpg,-0.15,1,0,6.712607
/home/vigneshu/vignesh/udacity/CarND-Behavioral-Cloning-P3/custom_data/IMG/center_2017_09_12_12_10_30_445.jpg,/home/vigneshu/vignesh/udacity/CarND-Behavioral-Cloning-P3/custom_data/IMG/left_2017_09_12_12_10_30_445.jpg,/home/vigneshu/vignesh/udacity/CarND-Behavioral-Cloning-P3/custom_data/IMG/right_2017_09_12_12_10_30_445.jpg,-0.4,1,0,7.819253
/home/vigneshu/vignesh/udacity/CarND-Behavioral-Cloning-P3/custom_data/IMG/center_2017_09_12_12_10_30_535.jpg,/home/vigneshu/vignesh/udacity/CarND-Behavioral-Cloning-P3/custom_data/IMG/left_2017_09_12_12_10_30_535.jpg,/home/vigneshu/vignesh/udacity/CarND-Behavioral-Cloning-P3/custom_data/IMG/right_2017_09_12_12_10_30_535.jpg,-0.4583645,1,0,8.912219
/home/vigneshu/vignesh/udacity/CarND-Behavioral-Cloning-P3/custom_data/IMG/center_2017_09_12_12_10_30_604.jpg,/home/vigneshu/vignesh/udacity/CarND-Behavioral-Cloning-P3/custom_data/IMG/left_2017_09_12_12_10_30_604.jpg,/home/vigneshu/vignesh/udacity/CarND-Behavioral-Cloning-P3/custom_data/IMG/right_2017_09_12_12_10_30_604.jpg,-0.2512536,1,0,9.588712
/home/vigneshu/vignesh/udacity/CarND-Behavioral-Cloning-P3/custom_data/IMG/center_2017_09_12_12_10_30_693.jpg,/home/vigneshu/vignesh/udacity/CarND-Behavioral-Cloning-P3/custom_data/IMG/left_2017_09_12_12_10_30_693.jpg,/home/vigneshu/vignesh/udacity/CarND-Behavioral-Cloning-P3/custom_data/IMG/right_2017_09_12_12_10_30_693.jpg,0,0.7864954,0,10.54218
/home/vigneshu/vignesh/udacity/CarND-Behavioral-Cloning-P3/custom_data/IMG/center_2017_09_12_12_10_30_766.jpg,/home/vigneshu/vignesh/udacity/CarND-Behavioral-Cloning-P3/custom_data/IMG/left_2017_09_12_12_10_30_766.jpg,/home/vigneshu/vignesh/udacity/CarND-Behavioral-Cloning-P3/custom_data/IMG/right_2017_09_12_12_10_30_766.jpg,0,0.5617864,0,10.92927
/home/vigneshu/vignesh/udacity/CarND-Behavioral-Cloning-P3/custom_data/IMG/center_2017_09_12_12_10_30_839.jpg,/home/vigneshu/vignesh/udacity/CarND-Behavioral-Cloning-P3/custom_data/IMG/left_2017_09_12_12_10_30_839.jpg,/home/vigneshu/vignesh/udacity/CarND-Behavioral-Cloning-P3/custom_data/IMG/right_2017_09_12_12_10_30_839.jpg,0,0.3420484,0,11.22549
/home/vigneshu/vignesh/udacity/CarND-Behavioral-Cloning-P3/custom_data/IMG/center_2017_09_12_12_10_30_958.jpg,/home/vigneshu/vignesh/udacity/CarND-Behavioral-Cloning-P3/custom_data/IMG/left_2017_09_12_12_10_30_958.jpg,/home/vigneshu/vignesh/udacity/CarND-Behavioral-Cloning-P3/custom_data/IMG/right_2017_09_12_12_10_30_958.jpg,-0.15,0,0,11.24882
/home/vigneshu/vignesh/udacity/CarND-Behavioral-Cloning-P3/custom_data/IMG/center_2017_09_12_12_10_31_024.jpg,/home/vigneshu/vignesh/udacity/CarND-Behavioral-Cloning-P3/custom_data/IMG/left_2017_09_12_12_10_31_024.jpg,/home/vigneshu/vignesh/udacity/CarND-Behavioral-Cloning-P3/custom_data/IMG/right_2017_09_12_12_10_31_024.jpg,-0.3,0,0,11.15917
/home/vigneshu/vignesh/udacity/CarND-Behavioral-Cloning-P3/custom_data/IMG/center_2017_09_12_12_10_31_120.jpg,/home/vigneshu/vignesh/udacity/CarND-Behavioral-Cloning-P3/custom_data/IMG/left_2017_09_12_12_10_31_120.jpg,/home/vigneshu/vignesh/udacity/CarND-Behavioral-Cloning-P3/custom_data/IMG/right_2017_09_12_12_10_31_120.jpg,-0.4775119,0,0,10.98116
/home/vigneshu/vignesh/udacity/CarND-Behavioral-Cloning-P3/custom_data/IMG/center_2017_09_12_12_10_31_247.jpg,/home/vigneshu/vignesh/udacity/CarND-Behavioral-Cloning-P3/custom_data/IMG/left_2017_09_12_12_10_31_247.jpg,/home/vigneshu/vignesh/udacity/CarND-Behavioral-Cloning-P3/custom_data/IMG/right_2017_09_12_12_10_31_247.jpg,-0.09627771,0.1960773,0,10.96791
/home/vigneshu/vignesh/udacity/CarND-Behavioral-Cloning-P3/custom_data/IMG/center_2017_09_12_12_10_31_480.jpg,/home/vigneshu/vignesh/udacity/CarND-Behavioral-Cloning-P3/custom_data/IMG/left_2017_09_12_12_10_31_480.jpg,/home/vigneshu/vignesh/udacity/CarND-Behavioral-Cloning-P3/custom_data/IMG/right_2017_09_12_12_10_31_480.jpg,0,0.8929353,0,12.89722
/home/vigneshu/vignesh/udacity/CarND-Behavioral-Cloning-P3/custom_data/IMG/center_2017_09_12_12_10_31_547.jpg,/home/vigneshu/vignesh/udacity/CarND-Behavioral-Cloning-P3/custom_data/IMG/left_2017_09_12_12_10_31_547.jpg,/home/vigneshu/vignesh/udacity/CarND-Behavioral-Cloning-P3/custom_data/IMG/right_2017_09_12_12_10_31_547.jpg,-0.05,1,0,13.75435
/home/vigneshu/vignesh/udacity/CarND-Behavioral-Cloning-P3/custom_data/IMG/center_2017_09_12_12_10_31_646.jpg,/home/vigneshu/vignesh/udacity/CarND-Behavioral-Cloning-P3/custom_data/IMG/left_2017_09_12_12_10_31_646.jpg,/home/vigneshu/vignesh/udacity/CarND-Behavioral-Cloning-P3/custom_data/IMG/right_2017_09_12_12_10_31_646.jpg,-0.25,1,0,14.67407
/home/vigneshu/vignesh/udacity/CarND-Behavioral-Cloning-P3/custom_data/IMG/center_2017_09_12_12_10_31_702.jpg,/home/vigneshu/vignesh/udacity/CarND-Behavioral-Cloning-P3/custom_data/IMG/left_2017_09_12_12_10_31_702.jpg,/home/vigneshu/vignesh/udacity/CarND-Behavioral-Cloning-P3/custom_data/IMG/right_2017_09_12_12_10_31_702.jpg,-0.45,1,0,15.40498
/home/vigneshu/vignesh/udacity/CarND-Behavioral-Cloning-P3/custom_data/IMG/center_2017_09_12_12_10_31_820.jpg,/home/vigneshu/vignesh/udacity/CarND-Behavioral-Cloning-P3/custom_data/IMG/left_2017_09_12_12_10_31_820.jpg,/home/vigneshu/vignesh/udacity/CarND-Behavioral-Cloning-P3/custom_data/IMG/right_2017_09_12_12_10_31_820.jpg,-0.7500002,0.7920344,0,16.30177
/home/vigneshu/vignesh/udacity/CarND-Behavioral-Cloning-P3/custom_data/IMG/center_2017_09_12_12_10_31_897.jpg,/home/vigneshu/vignesh/udacity/CarND-Behavioral-Cloning-P3/custom_data/IMG/left_2017_09_12_12_10_31_897.jpg,/home/vigneshu/vignesh/udacity/CarND-Behavioral-Cloning-P3/custom_data/IMG/right_2017_09_12_12_10_31_897.jpg,-0.6768157,0.5573025,0,16.64993
/home/vigneshu/vignesh/udacity/CarND-Behavioral-Cloning-P3/custom_data/IMG/center_2017_09_12_12_10_31_965.jpg,/home/vigneshu/vignesh/udacity/CarND-Behavioral-Cloning-P3/custom_data/IMG/left_2017_09_12_12_10_31_965.jpg,/home/vigneshu/vignesh/udacity/CarND-Behavioral-Cloning-P3/custom_data/IMG/right_2017_09_12_12_10_31_965.jpg,-0.4748976,0.3553843,0,17.14733
/home/vigneshu/vignesh/udacity/CarND-Behavioral-Cloning-P3/custom_data/IMG/center_2017_09_12_12_10_32_075.jpg,/home/vigneshu/vignesh/udacity/CarND-Behavioral-Cloning-P3/custom_data/IMG/left_2017_09_12_12_10_32_075.jpg,/home/vigneshu/vignesh/udacity/CarND-Behavioral-Cloning-P3/custom_data/IMG/right_2017_09_12_12_10_32_075.jpg,-0.4680936,0.03192139,0,17.17466
/home/vigneshu/vignesh/udacity/CarND-Behavioral-Cloning-P3/custom_data/IMG/center_2017_09_12_12_10_32_160.jpg,/home/vigneshu/vignesh/udacity/CarND-Behavioral-Cloning-P3/custom_data/IMG/left_2017_09_12_12_10_32_160.jpg,/home/vigneshu/vignesh/udacity/CarND-Behavioral-Cloning-P3/custom_data/IMG/right_2017_09_12_12_10_32_160.jpg,-0.6680936,0,0,16.97864
/home/vigneshu/vignesh/udacity/CarND-Behavioral-Cloning-P3/custom_data/IMG/center_2017_09_12_12_10_32_234.jpg,/home/vigneshu/vignesh/udacity/CarND-Behavioral-Cloning-P3/custom_data/IMG/left_2017_09_12_12_10_32_234.jpg,/home/vigneshu/vignesh/udacity/CarND-Behavioral-Cloning-P3/custom_data/IMG/right_2017_09_12_12_10_32_234.jpg,-0.8680937,0,0,16.71177
/home/vigneshu/vignesh/udacity/CarND-Behavioral-Cloning-P3/custom_data/IMG/center_2017_09_12_12_10_32_320.jpg,/home/vigneshu/vignesh/udacity/CarND-Behavioral-Cloning-P3/custom_data/IMG/left_2017_09_12_12_10_32_320.jpg,/home/vigneshu/vignesh/udacity/CarND-Behavioral-Cloning-P3/custom_data/IMG/right_2017_09_12_12_10_32_320.jpg,-0.897079,0,0,16.45796
/home/vigneshu/vignesh/udacity/CarND-Behavioral-Cloning-P3/custom_data/IMG/center_2017_09_12_12_10_32_389.jpg,/home/vigneshu/vignesh/udacity/CarND-Behavioral-Cloning-P3/custom_data/IMG/left_2017_09_12_12_10_32_389.jpg,/home/vigneshu/vignesh/udacity/CarND-Behavioral-Cloning-P3/custom_data/IMG/right_2017_09_12_12_10_32_389.jpg,-0.7371943,0,0,16.08815
/home/vigneshu/vignesh/udacity/CarND-Behavioral-Cloning-P3/custom_data/IMG/center_2017_09_12_12_10_32_547.jpg,/home/vigneshu/vignesh/udacity/CarND-Behavioral-Cloning-P3/custom_data/IMG/left_2017_09_12_12_10_32_547.jpg,/home/vigneshu/vignesh/udacity/CarND-Behavioral-Cloning-P3/custom_data/IMG/right_2017_09_12_12_10_32_547.jpg,-0.2717409,0,0,15.27962
/home/vigneshu/vignesh/udacity/CarND-Behavioral-Cloning-P3/custom_data/IMG/center_2017_09_12_12_11_14_354.jpg,/home/vigneshu/vignesh/udacity/CarND-Behavioral-Cloning-P3/custom_data/IMG/left_2017_09_12_12_11_14_354.jpg,/home/vigneshu/vignesh/udacity/CarND-Behavioral-Cloning-P3/custom_data/IMG/right_2017_09_12_12_11_14_354.jpg,0,0,0,8.012335E-06
/home/vigneshu/vignesh/udacity/CarND-Behavioral-Cloning-P3/custom_data/IMG/center_2017_09_12_12_11_14_441.jpg,/home/vigneshu/vignesh/udacity/CarND-Behavioral-Cloning-P3/custom_data/IMG/left_2017_09_12_12_11_14_441.jpg,/home/vigneshu/vignesh/udacity/CarND-Behavioral-Cloning-P3/custom_data/IMG/right_2017_09_12_12_11_14_441.jpg,0,0,0,1.03148E-06
/home/vigneshu/vignesh/udacity/CarND-Behavioral-Cloning-P3/custom_data/IMG/center_2017_09_12_12_11_14_508.jpg,/home/vigneshu/vignesh/udacity/CarND-Behavioral-Cloning-P3/custom_data/IMG/left_2017_09_12_12_11_14_508.jpg,/home/vigneshu/vignesh/udacity/CarND-Behavioral-Cloning-P3/custom_data/IMG/right_2017_09_12_12_11_14_508.jpg,0,0,0,1.268084E-06
/home/vigneshu/vignesh/udacity/CarND-Behavioral-Cloning-P3/custom_data/IMG/center_2017_09_12_12_11_14_587.jpg,/home/vigneshu/vignesh/udacity/CarND-Behavioral-Cloning-P3/custom_data/IMG/left_2017_09_12_12_11_14_587.jpg,/home/vigneshu/vignesh/udacity/CarND-Behavioral-Cloning-P3/custom_data/IMG/right_2017_09_12_12_11_14_587.jpg,0,0,0,3.960378E-06
/home/vigneshu/vignesh/udacity/CarND-Behavioral-Cloning-P3/custom_data/IMG/center_2017_09_12_12_11_14_686.jpg,/home/vigneshu/vignesh/udacity/CarND-Behavioral-Cloning-P3/custom_data/IMG/left_2017_09_12_12_11_14_686.jpg,/home/vigneshu/vignesh/udacity/CarND-Behavioral-Cloning-P3/custom_data/IMG/right_2017_09_12_12_11_14_686.jpg,0,0,0,5.896616E-06
/home/vigneshu/vignesh/udacity/CarND-Behavioral-Cloning-P3/custom_data/IMG/center_2017_09_12_12_11_14_762.jpg,/home/vigneshu/vignesh/udacity/CarND-Behavioral-Cloning-P3/custom_data/IMG/left_2017_09_12_12_11_14_762.jpg,/home/vigneshu/vignesh/udacity/CarND-Behavioral-Cloning-P3/custom_data/IMG/right_2017_09_12_12_11_14_762.jpg,0,0,0,3.026901E-06
/home/vigneshu/vignesh/udacity/CarND-Behavioral-Cloning-P3/custom_data/IMG/center_2017_09_12_12_11_14_829.jpg,/home/vigneshu/vignesh/udacity/CarND-Behavioral-Cloning-P3/custom_data/IMG/left_2017_09_12_12_11_14_829.jpg,/home/vigneshu/vignesh/udacity/CarND-Behavioral-Cloning-P3/custom_data/IMG/right_2017_09_12_12_11_14_829.jpg,0,0,0,1.343806E-05
/home/vigneshu/vignesh/udacity/CarND-Behavioral-Cloning-P3/custom_data/IMG/center_2017_09_12_12_11_14_905.jpg,/home/vigneshu/vignesh/udacity/CarND-Behavioral-Cloning-P3/custom_data/IMG/left_2017_09_12_12_11_14_905.jpg,/home/vigneshu/vignesh/udacity/CarND-Behavioral-Cloning-P3/custom_data/IMG/right_2017_09_12_12_11_14_905.jpg,0,0,0,1.001587E-06
/home/vigneshu/vignesh/udacity/CarND-Behavioral-Cloning-P3/custom_data/IMG/center_2017_09_12_12_11_14_985.jpg,/home/vigneshu/vignesh/udacity/CarND-Behavioral-Cloning-P3/custom_data/IMG/left_2017_09_12_12_11_14_985.jpg,/home/vigneshu/vignesh/udacity/CarND-Behavioral-Cloning-P3/custom_data/IMG/right_2017_09_12_12_11_14_985.jpg,0,0.06398678,0,0.03583231
/home/vigneshu/vignesh/udacity/CarND-Behavioral-Cloning-P3/custom_data/IMG/center_2017_09_12_12_11_15_102.jpg,/home/vigneshu/vignesh/udacity/CarND-Behavioral-Cloning-P3/custom_data/IMG/left_2017_09_12_12_11_15_102.jpg,/home/vigneshu/vignesh/udacity/CarND-Behavioral-Cloning-P3/custom_data/IMG/right_2017_09_12_12_11_15_102.jpg,0,0.3410068,0,0.2873718
/home/vigneshu/vignesh/udacity/CarND-Behavioral-Cloning-P3/custom_data/IMG/center_2017_09_12_12_11_15_202.jpg,/home/vigneshu/vignesh/udacity/CarND-Behavioral-Cloning-P3/custom_data/IMG/left_2017_09_12_12_11_15_202.jpg,/home/vigneshu/vignesh/udacity/CarND-Behavioral-Cloning-P3/custom_data/IMG/right_2017_09_12_12_11_15_202.jpg,0,0.675657,0,0.9266998
/home/vigneshu/vignesh/udacity/CarND-Behavioral-Cloning-P3/custom_data/IMG/center_2017_09_12_12_11_15_300.jpg,/home/vigneshu/vignesh/udacity/CarND-Behavioral-Cloning-P3/custom_data/IMG/left_2017_09_12_12_11_15_300.jpg,/home/vigneshu/vignesh/udacity/CarND-Behavioral-Cloning-P3/custom_data/IMG/right_2017_09_12_12_11_15_300.jpg,0,0.9943621,0,2.210357
/home/vigneshu/vignesh/udacity/CarND-Behavioral-Cloning-P3/custom_data/IMG/center_2017_09_12_12_11_15_387.jpg,/home/vigneshu/vignesh/udacity/CarND-Behavioral-Cloning-P3/custom_data/IMG/left_2017_09_12_12_11_15_387.jpg,/home/vigneshu/vignesh/udacity/CarND-Behavioral-Cloning-P3/custom_data/IMG/right_2017_09_12_12_11_15_387.jpg,0,1,0,3.146862
/home/vigneshu/vignesh/udacity/CarND-Behavioral-Cloning-P3/custom_data/IMG/center_2017_09_12_12_11_15_454.jpg,/home/vigneshu/vignesh/udacity/CarND-Behavioral-Cloning-P3/custom_data/IMG/left_2017_09_12_12_11_15_454.jpg,/home/vigneshu/vignesh/udacity/CarND-Behavioral-Cloning-P3/custom_data/IMG/right_2017_09_12_12_11_15_454.jpg,0,1,0,4.090027
/home/vigneshu/vignesh/udacity/CarND-Behavioral-Cloning-P3/custom_data/IMG/center_2017_09_12_12_11_15_543.jpg,/home/vigneshu/vignesh/udacity/CarND-Behavioral-Cloning-P3/custom_data/IMG/left_2017_09_12_12_11_15_543.jpg,/home/vigneshu/vignesh/udacity/CarND-Behavioral-Cloning-P3/custom_data/IMG/right_2017_09_12_12_11_15_543.jpg,0,1,0,5.022919
/home/vigneshu/vignesh/udacity/CarND-Behavioral-Cloning-P3/custom_data/IMG/center_2017_09_12_12_11_15_619.jpg,/home/vigneshu/vignesh/udacity/CarND-Behavioral-Cloning-P3/custom_data/IMG/left_2017_09_12_12_11_15_619.jpg,/home/vigneshu/vignesh/udacity/CarND-Behavioral-Cloning-P3/custom_data/IMG/right_2017_09_12_12_11_15_619.jpg,0,1,0,5.948474
/home/vigneshu/vignesh/udacity/CarND-Behavioral-Cloning-P3/custom_data/IMG/center_2017_09_12_12_11_15_699.jpg,/home/vigneshu/vignesh/udacity/CarND-Behavioral-Cloning-P3/custom_data/IMG/left_2017_09_12_12_11_15_699.jpg,/home/vigneshu/vignesh/udacity/CarND-Behavioral-Cloning-P3/custom_data/IMG/right_2017_09_12_12_11_15_699.jpg,0,1,0,6.866869
/home/vigneshu/vignesh/udacity/CarND-Behavioral-Cloning-P3/custom_data/IMG/center_2017_09_12_12_11_15_774.jpg,/home/vigneshu/vignesh/udacity/CarND-Behavioral-Cloning-P3/custom_data/IMG/left_2017_09_12_12_11_15_774.jpg,/home/vigneshu/vignesh/udacity/CarND-Behavioral-Cloning-P3/custom_data/IMG/right_2017_09_12_12_11_15_774.jpg,0,1,0,7.77812
/home/vigneshu/vignesh/udacity/CarND-Behavioral-Cloning-P3/custom_data/IMG/center_2017_09_12_12_11_15_851.jpg,/home/vigneshu/vignesh/udacity/CarND-Behavioral-Cloning-P3/custom_data/IMG/left_2017_09_12_12_11_15_851.jpg,/home/vigneshu/vignesh/udacity/CarND-Behavioral-Cloning-P3/custom_data/IMG/right_2017_09_12_12_11_15_851.jpg,0,1,0,8.682292
/home/vigneshu/vignesh/udacity/CarND-Behavioral-Cloning-P3/custom_data/IMG/center_2017_09_12_12_11_15_941.jpg,/home/vigneshu/vignesh/udacity/CarND-Behavioral-Cloning-P3/custom_data/IMG/left_2017_09_12_12_11_15_941.jpg,/home/vigneshu/vignesh/udacity/CarND-Behavioral-Cloning-P3/custom_data/IMG/right_2017_09_12_12_11_15_941.jpg,0,1,0,9.579399
/home/vigneshu/vignesh/udacity/CarND-Behavioral-Cloning-P3/custom_data/IMG/center_2017_09_12_12_11_16_032.jpg,/home/vigneshu/vignesh/udacity/CarND-Behavioral-Cloning-P3/custom_data/IMG/left_2017_09_12_12_11_16_032.jpg,/home/vigneshu/vignesh/udacity/CarND-Behavioral-Cloning-P3/custom_data/IMG/right_2017_09_12_12_11_16_032.jpg,0,1,0,10.69087
/home/vigneshu/vignesh/udacity/CarND-Behavioral-Cloning-P3/custom_data/IMG/center_2017_09_12_12_11_16_107.jpg,/home/vigneshu/vignesh/udacity/CarND-Behavioral-Cloning-P3/custom_data/IMG/left_2017_09_12_12_11_16_107.jpg,/home/vigneshu/vignesh/udacity/CarND-Behavioral-Cloning-P3/custom_data/IMG/right_2017_09_12_12_11_16_107.jpg,0,1,0,11.35248
/home/vigneshu/vignesh/udacity/CarND-Behavioral-Cloning-P3/custom_data/IMG/center_2017_09_12_12_11_16_207.jpg,/home/vigneshu/vignesh/udacity/CarND-Behavioral-Cloning-P3/custom_data/IMG/left_2017_09_12_12_11_16_207.jpg,/home/vigneshu/vignesh/udacity/CarND-Behavioral-Cloning-P3/custom_data/IMG/right_2017_09_12_12_11_16_207.jpg,0,1,0,12.48382
/home/vigneshu/vignesh/udacity/CarND-Behavioral-Cloning-P3/custom_data/IMG/center_2017_09_12_12_11_16_276.jpg,/home/vigneshu/vignesh/udacity/CarND-Behavioral-Cloning-P3/custom_data/IMG/left_2017_09_12_12_11_16_276.jpg,/home/vigneshu/vignesh/udacity/CarND-Behavioral-Cloning-P3/custom_data/IMG/right_2017_09_12_12_11_16_276.jpg,0,1,0,13.22546
/home/vigneshu/vignesh/udacity/CarND-Behavioral-Cloning-P3/custom_data/IMG/center_2017_09_12_12_11_16_351.jpg,/home/vigneshu/vignesh/udacity/CarND-Behavioral-Cloning-P3/custom_data/IMG/left_2017_09_12_12_11_16_351.jpg,/home/vigneshu/vignesh/udacity/CarND-Behavioral-Cloning-P3/custom_data/IMG/right_2017_09_12_12_11_16_351.jpg,0,1,0,14.1582
/home/vigneshu/vignesh/udacity/CarND-Behavioral-Cloning-P3/custom_data/IMG/center_2017_09_12_12_11_16_421.jpg,/home/vigneshu/vignesh/udacity/CarND-Behavioral-Cloning-P3/custom_data/IMG/left_2017_09_12_12_11_16_421.jpg,/home/vigneshu/vignesh/udacity/CarND-Behavioral-Cloning-P3/custom_data/IMG/right_2017_09_12_12_11_16_421.jpg,0,1,0,14.85135
/home/vigneshu/vignesh/udacity/CarND-Behavioral-Cloning-P3/custom_data/IMG/center_2017_09_12_12_11_16_502.jpg,/home/vigneshu/vignesh/udacity/CarND-Behavioral-Cloning-P3/custom_data/IMG/left_2017_09_12_12_11_16_502.jpg,/home/vigneshu/vignesh/udacity/CarND-Behavioral-Cloning-P3/custom_data/IMG/right_2017_09_12_12_11_16_502.jpg,0,1,0,15.71764
/home/vigneshu/vignesh/udacity/CarND-Behavioral-Cloning-P3/custom_data/IMG/center_2017_09_12_12_11_16_570.jpg,/home/vigneshu/vignesh/udacity/CarND-Behavioral-Cloning-P3/custom_data/IMG/left_2017_09_12_12_11_16_570.jpg,/home/vigneshu/vignesh/udacity/CarND-Behavioral-Cloning-P3/custom_data/IMG/right_2017_09_12_12_11_16_570.jpg,0,1,0,16.57609
/home/vigneshu/vignesh/udacity/CarND-Behavioral-Cloning-P3/custom_data/IMG/center_2017_09_12_12_11_16_664.jpg,/home/vigneshu/vignesh/udacity/CarND-Behavioral-Cloning-P3/custom_data/IMG/left_2017_09_12_12_11_16_664.jpg,/home/vigneshu/vignesh/udacity/CarND-Behavioral-Cloning-P3/custom_data/IMG/right_2017_09_12_12_11_16_664.jpg,0,1,0,17.42295
/home/vigneshu/vignesh/udacity/CarND-Behavioral-Cloning-P3/custom_data/IMG/center_2017_09_12_12_11_16_737.jpg,/home/vigneshu/vignesh/udacity/CarND-Behavioral-Cloning-P3/custom_data/IMG/left_2017_09_12_12_11_16_737.jpg,/home/vigneshu/vignesh/udacity/CarND-Behavioral-Cloning-P3/custom_data/IMG/right_2017_09_12_12_11_16_737.jpg,0,1,0,18.25258
/home/vigneshu/vignesh/udacity/CarND-Behavioral-Cloning-P3/custom_data/IMG/center_2017_09_12_12_11_16_828.jpg,/home/vigneshu/vignesh/udacity/CarND-Behavioral-Cloning-P3/custom_data/IMG/left_2017_09_12_12_11_16_828.jpg,/home/vigneshu/vignesh/udacity/CarND-Behavioral-Cloning-P3/custom_data/IMG/right_2017_09_12_12_11_16_828.jpg,0,1,0,19.06735
/home/vigneshu/vignesh/udacity/CarND-Behavioral-Cloning-P3/custom_data/IMG/center_2017_09_12_12_11_16_928.jpg,/home/vigneshu/vignesh/udacity/CarND-Behavioral-Cloning-P3/custom_data/IMG/left_2017_09_12_12_11_16_928.jpg,/home/vigneshu/vignesh/udacity/CarND-Behavioral-Cloning-P3/custom_data/IMG/right_2017_09_12_12_11_16_928.jpg,-0.05,0.8976634,0,19.95844
/home/vigneshu/vignesh/udacity/CarND-Behavioral-Cloning-P3/custom_data/IMG/center_2017_09_12_12_11_17_003.jpg,/home/vigneshu/vignesh/udacity/CarND-Behavioral-Cloning-P3/custom_data/IMG/left_2017_09_12_12_11_17_003.jpg,/home/vigneshu/vignesh/udacity/CarND-Behavioral-Cloning-P3/custom_data/IMG/right_2017_09_12_12_11_17_003.jpg,-0.25,0.6708515,0,20.52742
/home/vigneshu/vignesh/udacity/CarND-Behavioral-Cloning-P3/custom_data/IMG/center_2017_09_12_12_11_17_096.jpg,/home/vigneshu/vignesh/udacity/CarND-Behavioral-Cloning-P3/custom_data/IMG/left_2017_09_12_12_11_17_096.jpg,/home/vigneshu/vignesh/udacity/CarND-Behavioral-Cloning-P3/custom_data/IMG/right_2017_09_12_12_11_17_096.jpg,-0.5000001,0.3944345,0,20.93989
/home/vigneshu/vignesh/udacity/CarND-Behavioral-Cloning-P3/custom_data/IMG/center_2017_09_12_12_11_17_183.jpg,/home/vigneshu/vignesh/udacity/CarND-Behavioral-Cloning-P3/custom_data/IMG/left_2017_09_12_12_11_17_183.jpg,/home/vigneshu/vignesh/udacity/CarND-Behavioral-Cloning-P3/custom_data/IMG/right_2017_09_12_12_11_17_183.jpg,-0.4287743,0.1326723,0,20.93041
/home/vigneshu/vignesh/udacity/CarND-Behavioral-Cloning-P3/custom_data/IMG/center_2017_09_12_12_11_17_259.jpg,/home/vigneshu/vignesh/udacity/CarND-Behavioral-Cloning-P3/custom_data/IMG/left_2017_09_12_12_11_17_259.jpg,/home/vigneshu/vignesh/udacity/CarND-Behavioral-Cloning-P3/custom_data/IMG/right_2017_09_12_12_11_17_259.jpg,-0.2013059,0,0,20.8499
/home/vigneshu/vignesh/udacity/CarND-Behavioral-Cloning-P3/custom_data/IMG/center_2017_09_12_12_11_17_339.jpg,/home/vigneshu/vignesh/udacity/CarND-Behavioral-Cloning-P3/custom_data/IMG/left_2017_09_12_12_11_17_339.jpg,/home/vigneshu/vignesh/udacity/CarND-Behavioral-Cloning-P3/custom_data/IMG/right_2017_09_12_12_11_17_339.jpg,0,0,0,20.69113
/home/vigneshu/vignesh/udacity/CarND-Behavioral-Cloning-P3/custom_data/IMG/center_2017_09_12_12_11_17_442.jpg,/home/vigneshu/vignesh/udacity/CarND-Behavioral-Cloning-P3/custom_data/IMG/left_2017_09_12_12_11_17_442.jpg,/home/vigneshu/vignesh/udacity/CarND-Behavioral-Cloning-P3/custom_data/IMG/right_2017_09_12_12_11_17_442.jpg,0,0,0,20.1497
/home/vigneshu/vignesh/udacity/CarND-Behavioral-Cloning-P3/custom_data/IMG/center_2017_09_12_12_11_17_530.jpg,/home/vigneshu/vignesh/udacity/CarND-Behavioral-Cloning-P3/custom_data/IMG/left_2017_09_12_12_11_17_530.jpg,/home/vigneshu/vignesh/udacity/CarND-Behavioral-Cloning-P3/custom_data/IMG/right_2017_09_12_12_11_17_530.jpg,0,0,0,19.97814
